{"cameraMode":{"drawMode":0,"name":"Shaded","section":"Shading Mode"},"sceneLighting":false,"audioPlay":false,"sceneViewState":{"m_AlwaysRefresh":false,"showFog":true,"showSkybox":false,"showFlares":true,"showImageEffects":true,"showParticleSystems":true,"showVisualEffectGraphs":true,"m_FxEnabled":true},"in2DMode":false,"pivot":{"x":0.08968877792358399,"y":-0.32283729314804079,"z":0.02600720524787903},"rotation":{"x":-0.07148368656635285,"y":0.8436788320541382,"z":-0.116148941218853,"w":-0.5192381143569946},"size":0.6250418424606323,"orthographic":false}