{"cameraMode":{"drawMode":0,"name":"Shaded","section":"Shading Mode"},"sceneLighting":false,"audioPlay":false,"sceneViewState":{"m_AlwaysRefresh":false,"showFog":true,"showSkybox":false,"showFlares":true,"showImageEffects":true,"showParticleSystems":true,"showVisualEffectGraphs":true,"m_FxEnabled":true},"in2DMode":false,"pivot":{"x":-0.1145164966583252,"y":0.06929564476013184,"z":0.011531352996826172},"rotation":{"x":-0.07148368656635285,"y":0.8436788320541382,"z":-0.116148941218853,"w":-0.5192381143569946},"size":1.827500820159912,"orthographic":false}