{"cameraMode":{"drawMode":0,"name":"Shaded","section":"Shading Mode"},"sceneLighting":false,"audioPlay":false,"sceneViewState":{"m_AlwaysRefresh":false,"showFog":true,"showSkybox":false,"showFlares":true,"showImageEffects":true,"showParticleSystems":true,"showVisualEffectGraphs":true,"m_FxEnabled":true},"in2DMode":false,"pivot":{"x":0.06691974401473999,"y":-0.1291080117225647,"z":0.05809307098388672},"rotation":{"x":-0.07148368656635285,"y":0.8436788320541382,"z":-0.116148941218853,"w":-0.5192381143569946},"size":1.5577588081359864,"orthographic":false}